press_alt,rpm,isa_dev_c,pwr,ktas,gph
2000,2550,-20,83,117,11.1
2000,2500,-20,78,115,10.6
2000,2400,-20,69,111,9.6
2000,2300,-20,61,105,8.6
2000,2200,-20,53,99,7.7
2000,2100,-20,47,92,6.9
4000,2600,-20,83,120,11.1
4000,2550,-20,79,118,10.6
4000,2500,-20,74,115,10.1
4000,2400,-20,65,110,9.1
4000,2300,-20,58,104,8.2
4000,2200,-20,51,98,7.4
4000,2100,-20,45,91,6.6
6000,2650,-20,83,122,11.1
6000,2600,-20,78,120,10.6
6000,2500,-20,70,115,9.6
6000,2400,-20,62,109,8.6
6000,2300,-20,54,103,7.8
6000,2200,-20,48,96,7.1
8000,2700,-20,83,125,11.1
8000,2650,-20,78,122,10.5
8000,2600,-20,74,120,10
8000,2500,-20,65,114,9.1
8000,2400,-20,58,108,8.2
8000,2300,-20,52,101,7.5
8000,2200,-20,46,94,6.8
10000,2700,-20,78,124,10.5
10000,2650,-20,73,122,10
10000,2600,-20,69,119,9.5
10000,2500,-20,62,113,8.7
10000,2400,-20,55,106,7.9
10000,2300,-20,49,100,7.2
12000,2650,-20,69,121,9.5
12000,2600,-20,65,118,9.1
12000,2500,-20,58,111,8.3
12000,2400,-20,52,105,7.5
12000,2300,-20,47,98,6.9
2000,2550,0,77,118,10.5
2000,2500,0,73,115,9.9
2000,2400,0,64,110,9
2000,2300,0,57,104,8.1
2000,2200,0,50,97,7.3
2000,2100,0,44,90,6.6
4000,2600,0,77,120,10.4
4000,2550,0,73,117,9.9
4000,2500,0,69,115,9.5
4000,2400,0,61,109,8.5
4000,2300,0,54,102,7.7
4000,2200,0,48,96,7
4000,2100,0,42,89,6.4
6000,2650,0,77,122,10.4
6000,2600,0,73,119,9.9
6000,2500,0,65,114,9
6000,2400,0,57,108,8.2
6000,2300,0,51,101,7.4
6000,2200,0,45,94,6.7
8000,2700,0,77,124,10.4
8000,2650,0,72,122,9.9
8000,2600,0,68,119,9.4
8000,2500,0,61,112,8.6
8000,2400,0,54,106,7.8
8000,2300,0,48,99,7.1
8000,2200,0,43,92,6.5
10000,2700,0,72,123,9.8
10000,2650,0,68,120,9.4
10000,2600,0,64,117,9
10000,2500,0,57,111,8.2
10000,2400,0,51,104,7.5
10000,2300,0,46,97,6.8
12000,2650,0,64,119,8.9
12000,2600,0,61,116,8.5
12000,2500,0,54,109,7.8
12000,2400,0,49,102,7.1
12000,2300,0,44,95,6.6
2000,2550,20,72,117,9.9
2000,2500,20,68,115,9.4
2000,2400,20,60,109,8.5
2000,2300,20,53,102,7.7
2000,2200,20,47,95,6.9
2000,2100,20,42,89,6.3
4000,2600,20,72,119,9.8
4000,2550,20,68,117,9.4
4000,2500,20,64,114,8.9
4000,2400,20,57,107,8.1
4000,2300,20,51,101,7.3
4000,2200,20,45,94,6.7
4000,2100,20,40,87,6.1
6000,2650,20,72,121,9.8
6000,2600,20,68,118,9.4
6000,2500,20,60,112,8.5
6000,2400,20,54,106,7.7
6000,2300,20,48,99,7
6000,2200,20,43,92,6.4
8000,2700,20,71,123,9.7
8000,2650,20,67,120,9.3
8000,2600,20,64,117,8.9
8000,2500,20,57,111,8.1
8000,2400,20,51,104,7.4
8000,2300,20,46,97,6.8
8000,2200,20,41,90,6.2
10000,2700,20,67,122,9.3
10000,2650,20,63,119,8.9
10000,2600,20,60,115,8.5
10000,2500,20,54,109,7.8
10000,2400,20,49,102,7.1
10000,2300,20,44,95,6.5
12000,2650,20,60,117,8.5
12000,2600,20,57,114,8.1
12000,2500,20,51,107,7.4
12000,2400,20,46,100,6.8
12000,2300,20,41,92,6.3
