wt,p_alt,liftoff,speed50,groundroll_0,clearfifty_0,groundroll_10,clearfifty_10,groundroll_20,clearfifty_20,groundroll_30,clearfifty_30,groundroll_40,clearfifty_40
2550,0,51,56,860,1465,925,1575,995,1690,1070,1810,1150,1945
2550,1000,51,56,940,1600,1010,1720,1090,1850,1170,1990,1260,2135
2550,2000,51,56,1025,1755,1110,1890,1195,2035,1285,2190,1380,2355
2550,3000,51,56,1125,1925,1215,2080,1310,2240,1410,2420,1515,2605
2550,4000,51,56,1235,2120,1335,2295,1440,2480,1550,2685,1660,2880
2550,5000,51,56,1355,2345,1465,2545,1585,2755,1705,2975,1825,3205
2550,6000,51,56,1495,2605,1615,2830,1745,3075,1875,3320,2010,3585
2550,7000,51,56,1645,2910,1785,3170,1920,3440,2065,3730,2215,4045
2550,8000,51,56,1820,3265,1970,3575,2120,3880,2280,4225,2450,4615
2400,0,48,54,745,1275,800,1370,860,1470,925,1570,995,1685
2400,1000,48,54,810,1390,875,1495,940,1605,1010,1720,1085,1845
2400,2000,48,54,885,1520,955,1635,1030,1760,1110,1890,1190,2030
2400,3000,48,54,970,1665,1050,1795,1130,1930,1215,2080,1305,2230
2400,4000,48,54,1065,1830,1150,1975,1240,2130,1335,2295,1430,2455
2400,5000,48,54,1170,2015,1265,2180,1360,2355,1465,2530,1570,2715
2400,6000,48,54,1285,2230,1390,2410,1500,2610,1610,2805,1725,3015
2400,7000,48,54,1415,2470,1530,2685,1650,2900,1770,3125,1900,3370
2400,8000,48,54,1560,2755,1690,3000,1815,3240,1950,3500,2095,3790
2200,0,44,50,610,1055,655,1130,705,1205,760,1290,815,1380
2200,1000,44,50,665,1145,720,1230,770,1315,830,1410,890,1505
2200,2000,44,50,725,1250,785,1340,845,1435,905,1540,975,1650
2200,3000,44,50,795,1365,860,1465,925,1570,995,1685,1065,1805
2200,4000,44,50,870,1490,940,1605,1010,1725,1090,1855,1165,1975
2200,5000,44,50,955,1635,1030,1765,1110,1900,1195,2035,1275,2175
2200,6000,44,50,1050,1800,1130,1940,1220,2090,1310,2240,1400,2395
2200,7000,44,50,1150,1985,1245,2145,1340,2305,1435,2475,1540,2650
2200,8000,44,50,1270,2195,1370,2375,1475,2555,1580,2745,1695,2950